﻿Designator,Quantity,Value,Footprint,Package,MPN,DNP,Mount_Type,Description,Sim.Device,Sim.Pins,Arrow Part Number,Arrow Price/Stock,Height,Manufacturer_Name,Mouser Part Number,Mouser Price/Stock
"C10, C14, C16, C20, C21, C22, C25, C29, C30, C31, C32, C33, C36, C39, C40, C41, C43, C47, C48, C50, C51, C52, C53, C54, C55, C56",26,100nF 50V,C_0402_1005Metric,,,,smt,Unpolarized capacitor,,,,,,,,
"C11, C13, C17, C19, C24, C26, C8",7,1uF 50V,C_0402_1005Metric,,,,smt,Unpolarized capacitor,,,,,,,,
C15,1,47nF 50V,C_0402_1005Metric,,,,smt,Unpolarized capacitor,,,,,,,,
"C18, C2, C23, C3, C34, C35, C42, C44, C45, C46, C7, C9",12,30pF,C_0402_1005Metric,,,,smt,Unpolarized capacitor,,,,,,,,
"C27, C28, C4, C5",4,100nF,C_0402_1005Metric,,,,smt,Unpolarized capacitor,,,,,,,,
C38,1,22nF 50V,C_0402_1005Metric,,,,smt,Unpolarized capacitor,,,,,,,,
C49,1,100nF 50V,C_1206_3216Metric,,,,smt,Unpolarized capacitor,,,,,,,,
C6,1,10nF,C_0402_1005Metric,,,,smt,Unpolarized capacitor,,,,,,,,
"D1, D2, D3, D7, D8, D9",6,KT-0603R,LED_0603_1608Metric,,,,smt,Light emitting diode,,,,,,,,
"D10, D11, D13, D15, D4, D5, D6",7,SS34,D_SOD-123,,,,smt,"20V 3A Schottky Barrier Rectifier Diode, DO-201AD",,,,,,,,
D12,1,ESD9X,D_SOD-523,,,,smt,Diode,D,1=K 2=A,,,,,,
D14,1,ESD9XD,D_SOD-523,,,,smt,Diode,D,1=K 2=A,,,,,,
"DR1, DR2, DR3, DR4",4,COS4427SR,SOP-8_3.76x4.96mm_P1.27mm,,,,smt,,,,,,,,,
DZ1,1,MM1Z3V3,D_SOD-123,,,,smt,"Zener diode, generic symbol, Alternate KiCAD Library",,,,,,,,
IC1,1,VNH7100BASTR,SOIC127P600X175-16N,,VNH7100BASTR,,smt,,,,VNH7100BASTR,https://www.arrow.com/en/products/vnh7100bastr/stmicroelectronics?region=nac,1.75,STMicroelectronics,511-VNH7100BASTR,https://www.mouser.co.uk/ProductDetail/STMicroelectronics/VNH7100BASTR?qs=5aG0NVq1C4zGSYti1WIHtQ%3D%3D
"IC10, IC13, IC2, IC3, IC5, IC9",6,TJA1050T_CM,SOIC127P600X175-8N,,TJA1050T/CM,,smt,IC: interface; transceiver; 1Mbps; 4.755.25VDC; SO8; No.of rec: 1,,,,,1.75,NXP,N/A,https://www.mouser.co.uk/ProductDetail/NXP-Semiconductors/TJA1050T-CM?qs=fAHHVMwC%252BbibiWs27gP5ng%3D%3D
IC11,1,TMC2209-LA,QFN50P500X500X90-29N,,TMC2209-LA,,smt,"Silent stepper motor driver 5 to 36V, up to 1.4A with S/D and UART Interface, 256 Steps, SpreadCycle and Stealthchop2",,,TMC2209-LA,https://www.arrow.com/en/products/tmc2209-la/analog-devices?utm_currency=USD&region=nac,0.9,Analog Devices,700-TMC2209-LA,https://www.mouser.co.uk/ProductDetail/ADI-Trinamic/TMC2209-LA?qs=TiOZkKH1s2QqRRreEQH08w%3D%3D
IC12,1,PCA9685PW,SOP65P640X110-28N,,PCA9685PW,,smt,LED Display Drivers PCA9685PW/TSSOP28///STANDARD MARKING * IC\'S TUBE -,,,,,1.1,NXP,N/A,https://www.mouser.co.uk/ProductDetail/NXP-Semiconductors/PCA9685PW/?qs=wXXwzvj5w%252BEzwvjqh1LFVQ%3D%3D
IC14,1,ACS712ELCTR-05B-T,SOIC127P600X175-8N,,ACS712ELCTR-05B-T,,smt,SENSOR CURRENT HALL 5A AC/DC,,,,,1.75,Sharp Microelectronics,,
"IC15, IC16, IC17, IC6, IC7, IC8",6,LSM6DS3TR-C,LSM6DS3USTR,,LSM6DS3TR-C,,smt,STMicroelectronics iNEMO inertial module: 3D accelerometer and 3D gyroscope,,,LSM6DS3TR-C,null?region=nac,0.86,STMicroelectronics,511-LSM6DS3TR-C,https://www.mouser.co.uk/ProductDetail/STMicroelectronics/LSM6DS3TR-C?qs=u4fy%2FsgLU9NHwPlhP3LTBw%3D%3D
IC4,1,MCF8316A1VRGFR,QFN50P500X700X100-41N-D,,MCF8316A1VRGFR,,smt,"Motor / Motion / Ignition Controllers & Drivers 40-V max, 8-A peak, sensorless FOC control 3-phase BLDC motor driver",,,,,1,Texas Instruments,595-MCF8316A1VRGFR,https://www.mouser.co.uk/ProductDetail/Texas-Instruments/MCF8316A1VRGFR?qs=rSMjJ%252B1ewcSvC9rVuQgDWA%3D%3D
"J10, J11, J13, J14, J15, J17, J20, J28, J33, J34, J36, J37, J43, J44, J46, J47, J48, J51, J57, J58, J59, J60, J61, J62",24,SM04B-SRSS-TB,JST_SH_SM04B-SRSS-TB_1x04-1MP_P1.00mm_Horizontal,,,,smt,JST 4 Pin,,,,,,,,
"J40, J41, J42, J50, J52, J53, J54, J56",8,Conn_01x03_Pin,PinHeader_1x03_P2.54mm_Vertical_SMD_Pin1Right,,,,smt,"Generic connector, single row, 01x03, script generated",,,,,,,,
"Q1, Q11, Q12, Q13, Q14, Q2, Q3, Q8",8,40N05,SOT-23-3,,,,smt,"N-MOSFET transistor, gate/source/drain",,,,,,,,
"Q10, Q15, Q16, Q17, Q18, Q19, Q20, Q4, Q5, Q6, Q7, Q9",12,BSS138,SOT-23,,,,smt,"SOT-23 N-MOSFET enchancement mode transistor, 50V, 200mA, 300mW, Alternate KiCAD Library",,,,,,,,
"R1, R2, R47, R49, R6, R66",6,1.5k,R_0402_1005Metric,,,,smt,,,,,,,,,
"R10, R105, R18, R39, R71, R76",6,120,R_0402_1005Metric,,,,smt,,,,,,,,,
"R100, R102, R11, R27, R56, R64, R73, R81",8,2.2k,R_0402_1005Metric,,,,smt,,,,,,,,,
"R101, R103, R107, R108, R62, R92, R96, R98",8,220,R_0402_1005Metric,,,,smt,,,,,,,,,
"R104, R106, R111, R112, R114, R115, R117, R12, R13, R17, R21, R23, R24, R25, R26, R29, R33, R37, R42, R45, R46, R50, R51, R52, R57, R59, R61, R63, R65, R68, R70, R72, R74, R77, R79, R80, R83, R84, R86, R87, R88, R90, R91, R94, R95, R97, R99",47,10k,R_0402_1005Metric,,,,smt,,,,,,,,,
"R109, R54, R55, R60, R69, R78, R82",7,4.7k,R_0402_1005Metric,,,,smt,,,,,,,,,
"R110, R20, R28, R40, R48, R75, R89, R93",8,22k,R_0402_1005Metric,,,,smt,,,,,,,,,
"R113, R116, R53, R58, R67",5,10k 1%,R_0402_1005Metric,,,,smt,,,,,,,,,
"R14, R15, R16, R19",4,1.1k,R_0402_1005Metric,,,,smt,,,,,,,,,
R22,1,2.2k,R_1206_3216Metric_Pad1.30x1.75mm_HandSolder,,,,smt,,,,,,,,,
"R3, R32, R34, R36, R43, R44, R7, R9",8,10,R_0603_1608Metric,,,,smt,,,,,,,,,
"R30, R31, R35, R38, R4, R41, R5, R8",8,100k,R_0402_1005Metric,,,,smt,,,,,,,,,
R85,1,1k,R_0402_1005Metric,,,,smt,,,,,,,,,
"SW1, SW2, SW3, SW4, SW5, SW6",6,DSHP04TJGER,SW_DIP_SPSTx04_Slide_Copal_CHS-04A_W5.08mm_P1.27mm_JPin,,,,smt,"4x DIP Switch, Single Pole Single Throw (SPST) switch, small symbol",,,,,,,,
U2,1,MOUDLE-SEEEDUINO-XIAO-ESP32C3,ESP32-C3 16 Pin Super Mini,,,,tht,,,,,,,,,
