﻿Designator,Quantity,Value,Footprint,Package,MPN,DNP,Mount_Type,Description,Height,Manufacturer_Name,Mouser Part Number,Mouser Price/Stock,Arrow Part Number,Arrow Price/Stock
C1,1,22nF 50V,C_0402_1005Metric,,,,smt,Unpolarized capacitor,,,,,,
C1,1,47nF 50V,C_0402_1005Metric,,,,smt,Unpolarized capacitor,,,,,,
"C10, C10, C2, C3, C6, C6, C6, C7, C7, C7, C8, C8, C8, C9",14,100nF 50V,C_0402_1005Metric,,,,smt,Unpolarized capacitor,,,,,,
"C2, C3, C9",3,1uF 50V,C_0402_1005Metric,,,,smt,Unpolarized capacitor,,,,,,
"C2, C6, C7, C8",4,100nF,C_0402_1005Metric,,,,smt,Unpolarized capacitor,,,,,,
C3,1,10nF,C_0402_1005Metric,,,,smt,Unpolarized capacitor,,,,,,
"C4, C4, C4, C4, C5, C5, C5, C5",8,30pF,C_0402_1005Metric,,,,smt,Unpolarized capacitor,,,,,,
"D1, D1, D1, D1",4,KT-0603R,LED_0603_1608Metric,,,,smt,Light emitting diode,,,,,,
"D2, D2, D2, D2",4,SS34,D_SOD-123,,,,smt,"20V 3A Schottky Barrier Rectifier Diode, DO-201AD",,,,,,
DZ1,1,MM1Z3V3,D_SOD-123,,,,smt,"Zener diode, generic symbol, Alternate KiCAD Library",,,,,,
IC1,1,MCF8316A1VRGFR,QFN50P500X700X100-41N-D,,MCF8316A1VRGFR,,smt,"Motor / Motion / Ignition Controllers & Drivers 40-V max, 8-A peak, sensorless FOC control 3-phase BLDC motor driver",1,Texas Instruments,595-MCF8316A1VRGFR,https://www.mouser.co.uk/ProductDetail/Texas-Instruments/MCF8316A1VRGFR?qs=rSMjJ%252B1ewcSvC9rVuQgDWA%3D%3D,,
IC1,1,VNH7100BASTR,SOIC127P600X175-16N,,VNH7100BASTR,,smt,,1.75,STMicroelectronics,511-VNH7100BASTR,https://www.mouser.co.uk/ProductDetail/STMicroelectronics/VNH7100BASTR?qs=5aG0NVq1C4zGSYti1WIHtQ%3D%3D,VNH7100BASTR,https://www.arrow.com/en/products/vnh7100bastr/stmicroelectronics?region=nac
"IC2, IC2, IC2, IC2",4,TJA1050T_CM,SOIC127P600X175-8N,,TJA1050T/CM,,smt,IC: interface; transceiver; 1Mbps; 4.755.25VDC; SO8; No.of rec: 1,1.75,NXP,N/A,https://www.mouser.co.uk/ProductDetail/NXP-Semiconductors/TJA1050T-CM?qs=fAHHVMwC%252BbibiWs27gP5ng%3D%3D,,
"IC3, IC3, IC3, IC3",4,LSM6DS3TR-C,LSM6DS3USTR,,LSM6DS3TR-C,,smt,STMicroelectronics iNEMO inertial module: 3D accelerometer and 3D gyroscope,0.86,STMicroelectronics,511-LSM6DS3TR-C,https://www.mouser.co.uk/ProductDetail/STMicroelectronics/LSM6DS3TR-C?qs=u4fy%2FsgLU9NHwPlhP3LTBw%3D%3D,LSM6DS3TR-C,null?region=nac
IC4,1,TMC2209-LA,QFN50P500X500X90-29N,,TMC2209-LA,,smt,"Silent stepper motor driver 5 to 36V, up to 1.4A with S/D and UART Interface, 256 Steps, SpreadCycle and Stealthchop2",0.9,Analog Devices,700-TMC2209-LA,https://www.mouser.co.uk/ProductDetail/ADI-Trinamic/TMC2209-LA?qs=TiOZkKH1s2QqRRreEQH08w%3D%3D,TMC2209-LA,https://www.arrow.com/en/products/tmc2209-la/analog-devices?utm_currency=USD&region=nac
"J1, J1, J1, J1, J2, J2, J2, J2, J5, J5, J5, J5, J6, J6, J6, J6",16,SM04B-SRSS-TB,JST_SH_SM04B-SRSS-TB_1x04-1MP_P1.00mm_Horizontal,,,,smt,JST 4 Pin,,,,,,
"Q1, Q1, Q1, Q1, Q2, Q2, Q2, Q2",8,BSS138,SOT-23,,,,smt,"SOT-23 N-MOSFET enchancement mode transistor, 50V, 200mA, 300mW, Alternate KiCAD Library",,,,,,
"R1, R1, R1, R1, R2",5,22k,R_0402_1005Metric,,,,smt,,,,,,,
"R10, R10, R10, R10, R13, R13, R13, R13, R14, R14, R14, R14, R15, R15, R15, R15, R18, R3, R4, R7, R7, R7, R7, R8, R8, R8, R8, R9, R9, R9, R9",31,10k,R_0402_1005Metric,,,,smt,,,,,,,
"R11, R11, R11, R11, R5",5,4.7k,R_0402_1005Metric,,,,smt,,,,,,,
"R12, R12, R12, R12, R6",5,2.2k,R_0402_1005Metric,,,,smt,,,,,,,
"R16, R16, R16, R16",4,1.5k,R_0402_1005Metric,,,,smt,,,,,,,
"R17, R17, R17, R17",4,120,R_0402_1005Metric,,,,smt,,,,,,,
"R18, R3, R3",3,10k 1%,R_0402_1005Metric,,,,smt,,,,,,,
R2,1,1k,R_0402_1005Metric,,,,smt,,,,,,,
"R2, R3, R4, R5",4,1.1k,R_0402_1005Metric,,,,smt,,,,,,,
R6,1,2.2k,R_1206_3216Metric_Pad1.30x1.75mm_HandSolder,,,,smt,,,,,,,
"SW1, SW1, SW1, SW1",4,DSHP04TJGER,SW_DIP_SPSTx04_Slide_Copal_CHS-04A_W5.08mm_P1.27mm_JPin,,,,smt,"4x DIP Switch, Single Pole Single Throw (SPST) switch, small symbol",,,,,,
U1,1,MOUDLE-SEEEDUINO-XIAO-ESP32C3,ESP32-C3 16 Pin Super Mini,,,Yes,tht,,,,,,,
"mouse-bite-2mm-slot, mouse-bite-2mm-slot, mouse-bite-2mm-slot, mouse-bite-2mm-slot, mouse-bite-2mm-slot, mouse-bite-2mm-slot",6,VAL**,mouse-bite-2mm-slot,,,,tht,,,,,,,
