﻿Designator,Quantity,Value,Footprint,Package,MPN,DNP,Mount_Type,Description,Height,Manufacturer_Name,Mouser Part Number,Mouser Price/Stock,Arrow Part Number,Arrow Price/Stock
"C1, C10, C15, C2, C21, C22, C26, C27",8,30pF,C_0402_1005Metric,,,,smt,Unpolarized capacitor,,,,,,
"C11, C12, C9",3,1uF 50V,C_0402_1005Metric,,,,smt,Unpolarized capacitor,,,,,,
"C13, C18, C19, C20, C23, C24, C25, C29, C31, C32, C33, C34, C35, C8",14,100nF 50V,C_0402_1005Metric,,,,smt,Unpolarized capacitor,,,,,,
C14,1,47nF 50V,C_0402_1005Metric,,,,smt,Unpolarized capacitor,,,,,,
"C16, C17, C5, C6",4,100nF,C_0402_1005Metric,,,,smt,Unpolarized capacitor,,,,,,
C28,1,22nF 50V,C_0402_1005Metric,,,,smt,Unpolarized capacitor,,,,,,
C4,1,10nF,C_0402_1005Metric,,,,smt,Unpolarized capacitor,,,,,,
"D1, D2, D5, D6",4,KT-0603R,LED_0603_1608Metric,,,,smt,Light emitting diode,,,,,,
"D3, D4, D7, D8",4,SS34,D_SOD-123,,,,smt,"20V 3A Schottky Barrier Rectifier Diode, DO-201AD",,,,,,
DZ1,1,MM1Z3V3,D_SOD-123,,,,smt,"Zener diode, generic symbol, Alternate KiCAD Library",,,,,,
"IC1, IC4, IC7, IC8",4,TJA1050T_CM,SOIC127P600X175-8N,,TJA1050T/CM,,smt,IC: interface; transceiver; 1Mbps; 4.755.25VDC; SO8; No.of rec: 1,1.75,NXP,N/A,https://www.mouser.co.uk/ProductDetail/NXP-Semiconductors/TJA1050T-CM?qs=fAHHVMwC%252BbibiWs27gP5ng%3D%3D,,
"IC10, IC11, IC5, IC6",4,LSM6DS3TR-C,LSM6DS3USTR,,LSM6DS3TR-C,,smt,STMicroelectronics iNEMO inertial module: 3D accelerometer and 3D gyroscope,0.86,STMicroelectronics,511-LSM6DS3TR-C,https://www.mouser.co.uk/ProductDetail/STMicroelectronics/LSM6DS3TR-C?qs=u4fy%2FsgLU9NHwPlhP3LTBw%3D%3D,LSM6DS3TR-C,null?region=nac
IC2,1,VNH7100BASTR,SOIC127P600X175-16N,,VNH7100BASTR,,smt,,1.75,STMicroelectronics,511-VNH7100BASTR,https://www.mouser.co.uk/ProductDetail/STMicroelectronics/VNH7100BASTR?qs=5aG0NVq1C4zGSYti1WIHtQ%3D%3D,VNH7100BASTR,https://www.arrow.com/en/products/vnh7100bastr/stmicroelectronics?region=nac
IC3,1,MCF8316A1VRGFR,QFN50P500X700X100-41N-D,,MCF8316A1VRGFR,,smt,"Motor / Motion / Ignition Controllers & Drivers 40-V max, 8-A peak, sensorless FOC control 3-phase BLDC motor driver",1,Texas Instruments,595-MCF8316A1VRGFR,https://www.mouser.co.uk/ProductDetail/Texas-Instruments/MCF8316A1VRGFR?qs=rSMjJ%252B1ewcSvC9rVuQgDWA%3D%3D,,
IC9,1,TMC2209-LA,QFN50P500X500X90-29N,,TMC2209-LA,,smt,"Silent stepper motor driver 5 to 36V, up to 1.4A with S/D and UART Interface, 256 Steps, SpreadCycle and Stealthchop2",0.9,Analog Devices,700-TMC2209-LA,https://www.mouser.co.uk/ProductDetail/ADI-Trinamic/TMC2209-LA?qs=TiOZkKH1s2QqRRreEQH08w%3D%3D,TMC2209-LA,https://www.arrow.com/en/products/tmc2209-la/analog-devices?utm_currency=USD&region=nac
"J10, J11, J16, J19, J26, J27, J29, J30, J32, J33, J35, J36, J37, J38, J7, J8",16,SM04B-SRSS-TB,JST_SH_SM04B-SRSS-TB_1x04-1MP_P1.00mm_Horizontal,,,,smt,JST 4 Pin,,,,,,
"Q1, Q2, Q3, Q4, Q5, Q6, Q7, Q8",8,BSS138,SOT-23,,,,smt,"SOT-23 N-MOSFET enchancement mode transistor, 50V, 200mA, 300mW, Alternate KiCAD Library",,,,,,
"R1, R2, R22, R30",4,1.5k,R_0402_1005Metric,,,,smt,,,,,,,
"R10, R12, R16, R17, R19, R21, R24, R25, R28, R32, R33, R36, R37, R38, R39, R43, R44, R45, R47, R48, R50, R51, R52, R57, R58, R59, R61, R62, R63, R7, R8",31,10k,R_0402_1005Metric,,,,smt,,,,,,,
"R11, R15, R5, R6",4,1.1k,R_0402_1005Metric,,,,smt,,,,,,,
"R13, R20, R23, R42, R53",5,22k,R_0402_1005Metric,,,,smt,,,,,,,
R14,1,2.2k,R_1206_3216Metric_Pad1.30x1.75mm_HandSolder,,,,smt,,,,,,,
"R18, R27, R49, R54, R9",5,2.2k,R_0402_1005Metric,,,,smt,,,,,,,
"R26, R31, R34, R46, R55",5,4.7k,R_0402_1005Metric,,,,smt,,,,,,,
"R29, R35, R60",3,10k 1%,R_0402_1005Metric,,,,smt,,,,,,,
"R3, R4, R40, R41",4,120,R_0402_1005Metric,,,,smt,,,,,,,
R56,1,1k,R_0402_1005Metric,,,,smt,,,,,,,
"SW1, SW2, SW3, SW4",4,DSHP04TJGER,SW_DIP_SPSTx04_Slide_Copal_CHS-04A_W5.08mm_P1.27mm_JPin,,,,smt,"4x DIP Switch, Single Pole Single Throw (SPST) switch, small symbol",,,,,,
