﻿pos_x,pos_y,rotation,side,designator,mpn,pack,footprint,value,mount_type
36.6776,-55.8394,-90.0,top,C1,,,C_0402_1005Metric,30pF,smt
68.535137,-55.8394,-90.0,top,C10,,,C_0402_1005Metric,30pF,smt
71.202137,-46.2,90.0,top,C11,,,C_0402_1005Metric,1uF 50V,smt
76.675137,-47.9444,0.0,top,C12,,,C_0402_1005Metric,1uF 50V,smt
79.101537,-54.7522,-90.0,top,C13,,,C_0402_1005Metric,100nF 50V,smt
74.541537,-47.8682,0.0,top,C14,,,C_0402_1005Metric,47nF 50V,smt
67.900137,-51.9176,-90.0,top,C15,,,C_0402_1005Metric,30pF,smt
54.1274,-67.3354,180.0,top,C16,,,C_0402_1005Metric,100nF,smt
46.482,-66.8528,90.0,top,C17,,,C_0402_1005Metric,100nF,smt
78.339537,-66.8528,90.0,top,C18,,,C_0402_1005Metric,100nF 50V,smt
86.111937,-67.4116,0.0,top,C19,,,C_0402_1005Metric,100nF 50V,smt
36.7792,-51.5366,-90.0,top,C2,,,C_0402_1005Metric,30pF,smt
71.583378,-88.341095,0.0,top,C20,,,C_0402_1005Metric,100nF 50V,smt
36.0426,-100.087965,-90.0,top,C21,,,C_0402_1005Metric,30pF,smt
36.6776,-104.009765,-90.0,top,C22,,,C_0402_1005Metric,30pF,smt
47.244,-102.922565,-90.0,top,C23,,,C_0402_1005Metric,100nF 50V,smt
81.156578,-89.966695,180.0,top,C24,,,C_0402_1005Metric,100nF 50V,smt
73.079378,-94.764695,-90.0,top,C25,,,C_0402_1005Metric,100nF 50V,smt
68.100978,-99.771095,-90.0,top,C26,,,C_0402_1005Metric,30pF,smt
68.532778,-104.023095,-90.0,top,C27,,,C_0402_1005Metric,30pF,smt
73.079378,-92.890295,-90.0,top,C28,,,C_0402_1005Metric,22nF 50V,smt
81.133778,-95.097495,0.0,top,C29,,,C_0402_1005Metric,100nF 50V,smt
79.099178,-102.935895,-90.0,top,C31,,,C_0402_1005Metric,100nF 50V,smt
46.482,-115.023165,90.0,top,C32,,,C_0402_1005Metric,100nF 50V,smt
54.2544,-115.581965,0.0,top,C33,,,C_0402_1005Metric,100nF 50V,smt
86.109578,-115.595295,0.0,top,C34,,,C_0402_1005Metric,100nF 50V,smt
78.337178,-115.036495,90.0,top,C35,,,C_0402_1005Metric,100nF 50V,smt
56.388,-49.403,0.0,top,C4,,,C_0402_1005Metric,10nF,smt
47.244,-54.9174,-90.0,top,C5,,,C_0402_1005Metric,100nF,smt
38.1508,-47.5716,-90.0,top,C6,,,C_0402_1005Metric,100nF,smt
78.684337,-47.9698,0.0,top,C8,,,C_0402_1005Metric,100nF 50V,smt
73.754137,-40.426,180.0,top,C9,,,C_0402_1005Metric,1uF 50V,smt
30.5055,-33.2994,0.0,top,D1,,,LED_0603_1608Metric,KT-0603R,smt
62.363037,-33.2994,0.0,top,D2,,,LED_0603_1608Metric,KT-0603R,smt
41.4284,-51.2064,180.0,top,D3,,,D_SOD-123,SS34,smt
89.083737,-54.3042,-90.0,top,D4,,,D_SOD-123,SS34,smt
32.4358,-88.759565,-90.0,top,D5,,,LED_0603_1608Metric,KT-0603R,smt
62.360678,-81.483095,0.0,top,D6,,,LED_0603_1608Metric,KT-0603R,smt
56.6674,-95.719165,90.0,top,D7,,,D_SOD-123,SS34,smt
73.638178,-98.501095,180.0,top,D8,,,D_SOD-123,SS34,smt
53.8216,-51.9176,180.0,top,DZ1,,,D_SOD-123,MM1Z3V3,smt
42.418,-55.1332,180.0,top,IC1,TJA1050T/CM,,SOIC127P600X175-8N,TJA1050T_CM,smt
50.665,-116.316165,0.0,top,IC10,LSM6DS3TR-C,,LSM6DS3USTR,LSM6DS3TR-C,smt
82.520178,-116.329495,0.0,top,IC11,LSM6DS3TR-C,,LSM6DS3USTR,LSM6DS3TR-C,smt
42.9064,-44.4754,0.0,top,IC2,VNH7100BASTR,,SOIC127P600X175-16N,VNH7100BASTR,smt
75.938537,-44.0582,90.0,top,IC3,MCF8316A1VRGFR,,QFN50P500X700X100-41N-D,MCF8316A1VRGFR,smt
74.275537,-55.1332,180.0,top,IC4,TJA1050T/CM,,SOIC127P600X175-8N,TJA1050T_CM,smt
50.665,-68.1458,0.0,top,IC5,LSM6DS3TR-C,,LSM6DS3USTR,LSM6DS3TR-C,smt
82.522537,-68.1458,0.0,top,IC6,LSM6DS3TR-C,,LSM6DS3USTR,LSM6DS3TR-C,smt
42.418,-103.303565,180.0,top,IC7,TJA1050T/CM,,SOIC127P600X175-8N,TJA1050T_CM,smt
74.273178,-103.316895,180.0,top,IC8,TJA1050T/CM,,SOIC127P600X175-8N,TJA1050T_CM,smt
76.964178,-92.720695,0.0,top,IC9,TMC2209-LA,,QFN50P500X500X90-29N,TMC2209-LA,smt
63.969737,-60.0664,-90.0,top,J10,,,JST_SH_SM04B-SRSS-TB_1x04-1MP_P1.00mm_Horizontal,SM04B-SRSS-TB,smt
63.969737,-51.9384,-90.0,top,J11,,,JST_SH_SM04B-SRSS-TB_1x04-1MP_P1.00mm_Horizontal,SM04B-SRSS-TB,smt
32.9886,-68.0766,0.0,top,J16,,,JST_SH_SM04B-SRSS-TB_1x04-1MP_P1.00mm_Horizontal,SM04B-SRSS-TB,smt
41.408,-68.0766,0.0,top,J19,,,JST_SH_SM04B-SRSS-TB_1x04-1MP_P1.00mm_Horizontal,SM04B-SRSS-TB,smt
73.265537,-68.0766,0.0,top,J26,,,JST_SH_SM04B-SRSS-TB_1x04-1MP_P1.00mm_Horizontal,SM04B-SRSS-TB,smt
64.846137,-68.0766,0.0,top,J27,,,JST_SH_SM04B-SRSS-TB_1x04-1MP_P1.00mm_Horizontal,SM04B-SRSS-TB,smt
32.1122,-108.236765,-90.0,top,J29,,,JST_SH_SM04B-SRSS-TB_1x04-1MP_P1.00mm_Horizontal,SM04B-SRSS-TB,smt
32.1122,-100.108765,-90.0,top,J30,,,JST_SH_SM04B-SRSS-TB_1x04-1MP_P1.00mm_Horizontal,SM04B-SRSS-TB,smt
63.967378,-100.122095,-90.0,top,J32,,,JST_SH_SM04B-SRSS-TB_1x04-1MP_P1.00mm_Horizontal,SM04B-SRSS-TB,smt
63.967378,-108.250095,-90.0,top,J33,,,JST_SH_SM04B-SRSS-TB_1x04-1MP_P1.00mm_Horizontal,SM04B-SRSS-TB,smt
32.9886,-116.246965,0.0,top,J35,,,JST_SH_SM04B-SRSS-TB_1x04-1MP_P1.00mm_Horizontal,SM04B-SRSS-TB,smt
41.408,-116.246965,0.0,top,J36,,,JST_SH_SM04B-SRSS-TB_1x04-1MP_P1.00mm_Horizontal,SM04B-SRSS-TB,smt
64.843778,-116.260295,0.0,top,J37,,,JST_SH_SM04B-SRSS-TB_1x04-1MP_P1.00mm_Horizontal,SM04B-SRSS-TB,smt
73.263178,-116.260295,0.0,top,J38,,,JST_SH_SM04B-SRSS-TB_1x04-1MP_P1.00mm_Horizontal,SM04B-SRSS-TB,smt
32.1122,-51.9384,-90.0,top,J7,,,JST_SH_SM04B-SRSS-TB_1x04-1MP_P1.00mm_Horizontal,SM04B-SRSS-TB,smt
32.1122,-60.0664,-90.0,top,J8,,,JST_SH_SM04B-SRSS-TB_1x04-1MP_P1.00mm_Horizontal,SM04B-SRSS-TB,smt
42.1546,-61.3054,180.0,top,Q1,,,SOT-23,BSS138,smt
38.2684,-61.3206,0.0,top,Q2,,,SOT-23,BSS138,smt
70.125937,-61.3206,0.0,top,Q3,,,SOT-23,BSS138,smt
74.012137,-61.3054,180.0,top,Q4,,,SOT-23,BSS138,smt
38.2684,-109.490965,0.0,top,Q5,,,SOT-23,BSS138,smt
42.1546,-109.475765,180.0,top,Q6,,,SOT-23,BSS138,smt
74.009778,-109.489095,180.0,top,Q7,,,SOT-23,BSS138,smt
70.123578,-109.504295,0.0,top,Q8,,,SOT-23,BSS138,smt
29.9954,-34.8234,180.0,top,R1,,,R_0402_1005Metric,1.5k,smt
46.609,-60.7528,90.0,top,R10,,,R_0402_1005Metric,10k,smt
45.0322,-51.8414,180.0,top,R11,,,R_0402_1005Metric,1.1k,smt
38.225,-58.8518,180.0,top,R12,,,R_0402_1005Metric,10k,smt
55.3974,-61.8744,90.0,top,R13,,,R_0402_1005Metric,22k,smt
56.261,-54.1782,0.0,top,R14,,,R_1206_3216Metric_Pad1.30x1.75mm_HandSolder,2.2k,smt
51.9938,-50.0888,0.0,top,R15,,,R_0402_1005Metric,1.1k,smt
70.082537,-58.8518,180.0,top,R16,,,R_0402_1005Metric,10k,smt
73.310337,-58.8264,180.0,top,R17,,,R_0402_1005Metric,10k,smt
78.466537,-63.2948,90.0,top,R18,,,R_0402_1005Metric,2.2k,smt
87.254937,-59.4594,-90.0,top,R19,,,R_0402_1005Metric,10k,smt
61.852937,-34.8234,180.0,top,R2,,,R_0402_1005Metric,1.5k,smt
87.254937,-61.8744,90.0,top,R20,,,R_0402_1005Metric,22k,smt
78.466537,-60.7528,90.0,top,R21,,,R_0402_1005Metric,10k,smt
30.861,-84.085965,-90.0,top,R22,,,R_0402_1005Metric,1.5k,smt
37.5666,-83.273165,180.0,top,R23,,,R_0402_1005Metric,22k,smt
36.7304,-63.9318,180.0,top,R24,,,R_0402_1005Metric,10k,smt
35.2044,-83.273165,0.0,top,R25,,,R_0402_1005Metric,10k,smt
55.3974,-64.3402,90.0,top,R26,,,R_0402_1005Metric,4.7k,smt
44.8056,-83.273165,180.0,top,R27,,,R_0402_1005Metric,2.2k,smt
40.5384,-83.273165,180.0,top,R28,,,R_0402_1005Metric,10k,smt
45.8978,-70.1294,90.0,top,R29,,,R_0402_1005Metric,10k 1%,smt
29.7434,-43.434,90.0,top,R3,,,R_0402_1005Metric,120,smt
61.850578,-83.007095,180.0,top,R30,,,R_0402_1005Metric,1.5k,smt
42.7228,-83.273165,180.0,top,R31,,,R_0402_1005Metric,4.7k,smt
54.1274,-66.3194,0.0,top,R32,,,R_0402_1005Metric,10k,smt
40.7182,-64.008,0.0,top,R33,,,R_0402_1005Metric,10k,smt
87.254937,-64.3402,90.0,top,R34,,,R_0402_1005Metric,4.7k,smt
77.755337,-69.85,90.0,top,R35,,,R_0402_1005Metric,10k 1%,smt
72.575737,-64.008,0.0,top,R36,,,R_0402_1005Metric,10k,smt
68.587937,-63.9318,180.0,top,R37,,,R_0402_1005Metric,10k,smt
86.086537,-66.2178,180.0,top,R38,,,R_0402_1005Metric,10k,smt
36.7304,-112.102165,180.0,top,R39,,,R_0402_1005Metric,10k,smt
61.600937,-43.434,90.0,top,R4,,,R_0402_1005Metric,120,smt
29.7434,-91.604365,90.0,top,R40,,,R_0402_1005Metric,120,smt
61.598578,-91.617695,90.0,top,R41,,,R_0402_1005Metric,120,smt
55.3974,-110.044765,90.0,top,R42,,,R_0402_1005Metric,22k,smt
46.609,-108.923165,90.0,top,R43,,,R_0402_1005Metric,10k,smt
38.225,-107.022165,180.0,top,R44,,,R_0402_1005Metric,10k,smt
40.7182,-112.178365,0.0,top,R45,,,R_0402_1005Metric,10k,smt
55.3974,-112.510565,90.0,top,R46,,,R_0402_1005Metric,4.7k,smt
55.3974,-107.629765,-90.0,top,R47,,,R_0402_1005Metric,10k,smt
41.4528,-106.996765,180.0,top,R48,,,R_0402_1005Metric,10k,smt
46.609,-111.465165,90.0,top,R49,,,R_0402_1005Metric,2.2k,smt
47.2714,-51.8414,180.0,top,R5,,,R_0402_1005Metric,1.1k,smt
72.573378,-112.191695,0.0,top,R50,,,R_0402_1005Metric,10k,smt
73.307978,-107.010095,180.0,top,R51,,,R_0402_1005Metric,10k,smt
70.080178,-107.035495,180.0,top,R52,,,R_0402_1005Metric,10k,smt
87.252578,-110.058095,90.0,top,R53,,,R_0402_1005Metric,22k,smt
78.464178,-111.478495,90.0,top,R54,,,R_0402_1005Metric,2.2k,smt
87.252578,-112.523895,90.0,top,R55,,,R_0402_1005Metric,4.7k,smt
74.093378,-100.228295,0.0,top,R56,,,R_0402_1005Metric,1k,smt
78.464178,-108.936495,90.0,top,R57,,,R_0402_1005Metric,10k,smt
87.252578,-107.643095,-90.0,top,R58,,,R_0402_1005Metric,10k,smt
68.585578,-112.115495,180.0,top,R59,,,R_0402_1005Metric,10k,smt
49.0982,-49.9364,0.0,top,R6,,,R_0402_1005Metric,1.1k,smt
45.8978,-118.020365,90.0,top,R60,,,R_0402_1005Metric,10k 1%,smt
54.229,-114.388165,180.0,top,R61,,,R_0402_1005Metric,10k,smt
77.752978,-118.033695,90.0,top,R62,,,R_0402_1005Metric,10k,smt
86.084178,-114.401495,180.0,top,R63,,,R_0402_1005Metric,10k,smt
41.4528,-58.8264,180.0,top,R7,,,R_0402_1005Metric,10k,smt
55.3974,-59.4594,-90.0,top,R8,,,R_0402_1005Metric,10k,smt
46.609,-63.2948,90.0,top,R9,,,R_0402_1005Metric,2.2k,smt
51.181,-62.1284,0.0,top,SW1,,,SW_DIP_SPSTx04_Slide_Copal_CHS-04A_W5.08mm_P1.27mm_JPin,DSHP04TJGER,smt
83.038537,-62.1284,0.0,top,SW2,,,SW_DIP_SPSTx04_Slide_Copal_CHS-04A_W5.08mm_P1.27mm_JPin,DSHP04TJGER,smt
51.181,-110.298765,0.0,top,SW3,,,SW_DIP_SPSTx04_Slide_Copal_CHS-04A_W5.08mm_P1.27mm_JPin,DSHP04TJGER,smt
83.036178,-110.312095,0.0,top,SW4,,,SW_DIP_SPSTx04_Slide_Copal_CHS-04A_W5.08mm_P1.27mm_JPin,DSHP04TJGER,smt
