﻿Designator,Footprint,Quantity,Value,LCSC Part #
"C1, C10, C15, C2, C21, C22, C26, C27",0402,8,30pF,
"C11, C12, C9",0402,3,1uF 50V,
"C13, C18, C19, C20, C23, C24, C25, C29, C31, C32, C33, C34, C35, C8",0402,14,100nF 50V,
C14,0402,1,47nF 50V,
"C16, C17, C5, C6",0402,4,100nF,
C28,0402,1,22nF 50V,
C4,0402,1,10nF,
"D1, D2, D5, D6",0603,4,KT-0603R,
"D3, D4, D7, D8",D_SOD-123,4,SS34,
DZ1,D_SOD-123,1,MM1Z3V3,
"IC1, IC4, IC7, IC8",SOIC127P600X175-8N,4,TJA1050T_CM,
"IC10, IC11, IC5, IC6",LSM6DS3USTR,4,LSM6DS3TR-C,
IC2,SOIC127P600X175-16N,1,VNH7100BASTR,
IC3,QFN50P500X700X100-41N-D,1,MCF8316A1VRGFR,
IC9,QFN50P500X500X90-29N,1,TMC2209-LA,
"J10, J11, J16, J19, J26, J27, J29, J30, J32, J33, J35, J36, J37, J38, J7, J8",JST_SH_SM04B-SRSS-TB_1x04-1MP_P1.00mm_Horizontal,16,SM04B-SRSS-TB,
"MOUSE-BITE-1, MOUSE-BITE-2, MOUSE-BITE-3, MOUSE-BITE-4, MOUSE-BITE-5, MOUSE-BITE-6",mouse-bite-2mm-slot,6,VAL**,
"Q1, Q2, Q3, Q4, Q5, Q6, Q7, Q8",SOT-23,8,BSS138,
"R1, R2, R22, R30",0402,4,1.5k,
"R10, R12, R16, R17, R19, R21, R24, R25, R28, R32, R33, R36, R37, R38, R39, R43, R44, R45, R47, R48, R50, R51, R52, R57, R58, R59, R61, R62, R63, R7, R8",0402,31,10k,
"R11, R15, R5, R6",0402,4,1.1k,
"R13, R20, R23, R42, R53",0402,5,22k,
R14,1206,1,2.2k,
"R18, R27, R49, R54, R9",0402,5,2.2k,
"R26, R31, R34, R46, R55",0402,5,4.7k,
"R29, R35, R60",0402,3,10k 1%,
"R3, R4, R40, R41",0402,4,120,
R56,0402,1,1k,
"SW1, SW2, SW3, SW4",SW_DIP_SPSTx04_Slide_Copal_CHS-04A_W5.08mm_P1.27mm_JPin,4,DSHP04TJGER,
