﻿Designator,Quantity,Value,Footprint,Package,MPN,DNP,Mount_Type,Description,Height,Manufacturer_Name,Mouser Part Number,Mouser Price/Stock,Arrow Part Number,Arrow Price/Stock
C1,1,22nF 50V,C_0402_1005Metric,,,,smt,Unpolarized capacitor,,,,,,
"C10, C2, C3, C6, C7, C8, C9",7,100nF 50V,C_0402_1005Metric,,,,smt,Unpolarized capacitor,,,,,,
"C4, C5",2,30pF,C_0402_1005Metric,,,,smt,Unpolarized capacitor,,,,,,
D1,1,KT-0603R,LED_0603_1608Metric,,,,smt,Light emitting diode,,,,,,
D2,1,SS34,D_SOD-123,,,,smt,"20V 3A Schottky Barrier Rectifier Diode, DO-201AD",,,,,,
IC2,1,TJA1050T_CM,SOIC127P600X175-8N,,TJA1050T/CM,,smt,IC: interface; transceiver; 1Mbps; 4.755.25VDC; SO8; No.of rec: 1,1.75,NXP,N/A,https://www.mouser.co.uk/ProductDetail/NXP-Semiconductors/TJA1050T-CM?qs=fAHHVMwC%252BbibiWs27gP5ng%3D%3D,,
IC3,1,LSM6DS3TR-C,LSM6DS3USTR,,LSM6DS3TR-C,,smt,STMicroelectronics iNEMO inertial module: 3D accelerometer and 3D gyroscope,0.86,STMicroelectronics,511-LSM6DS3TR-C,https://www.mouser.co.uk/ProductDetail/STMicroelectronics/LSM6DS3TR-C?qs=u4fy%2FsgLU9NHwPlhP3LTBw%3D%3D,LSM6DS3TR-C,null?region=nac
IC4,1,TMC2209-LA,QFN50P500X500X90-29N,,TMC2209-LA,,smt,"Silent stepper motor driver 5 to 36V, up to 1.4A with S/D and UART Interface, 256 Steps, SpreadCycle and Stealthchop2",0.9,Analog Devices,700-TMC2209-LA,https://www.mouser.co.uk/ProductDetail/ADI-Trinamic/TMC2209-LA?qs=TiOZkKH1s2QqRRreEQH08w%3D%3D,TMC2209-LA,https://www.arrow.com/en/products/tmc2209-la/analog-devices?utm_currency=USD&region=nac
"J1, J2, J5, J6",4,SM04B-SRSS-TB,JST_SH_SM04B-SRSS-TB_1x04-1MP_P1.00mm_Horizontal,,,,smt,JST 4 Pin,,,,,,
"Q1, Q2",2,BSS138,SOT-23,,,,smt,"SOT-23 N-MOSFET enchancement mode transistor, 50V, 200mA, 300mW, Alternate KiCAD Library",,,,,,
R1,1,22k,R_0402_1005Metric,,,,smt,,,,,,,
"R10, R13, R14, R15, R3, R7, R8, R9",8,10k,R_0402_1005Metric,,,,smt,,,,,,,
R11,1,4.7k,R_0402_1005Metric,,,,smt,,,,,,,
R12,1,2.2k,R_0402_1005Metric,,,,smt,,,,,,,
R16,1,1.5k,R_0402_1005Metric,,,,smt,,,,,,,
R17,1,120,R_0402_1005Metric,,,,smt,,,,,,,
R2,1,1k,R_0402_1005Metric,,,,smt,,,,,,,
SW1,1,DSHP04TJGER,SW_DIP_SPSTx04_Slide_Copal_CHS-04A_W5.08mm_P1.27mm_JPin,,,,smt,"4x DIP Switch, Single Pole Single Throw (SPST) switch, small symbol",,,,,,
