﻿pos_x,pos_y,rotation,side,designator,mpn,pack,footprint,value,mount_type
89.5858,-74.0182,-90.0,top,C1,,,C_0402_1005Metric,22nF 50V,smt
97.663,-71.0946,180.0,top,C10,,,C_0402_1005Metric,100nF 50V,smt
97.6402,-76.2254,0.0,top,C2,,,C_0402_1005Metric,100nF 50V,smt
89.5858,-75.8926,-90.0,top,C3,,,C_0402_1005Metric,100nF 50V,smt
84.6074,-80.899,-90.0,top,C4,,,C_0402_1005Metric,30pF,smt
85.0392,-85.151,-90.0,top,C5,,,C_0402_1005Metric,30pF,smt
95.6056,-84.0638,-90.0,top,C6,,,C_0402_1005Metric,100nF 50V,smt
94.8436,-96.1644,90.0,top,C7,,,C_0402_1005Metric,100nF 50V,smt
102.616,-96.7232,0.0,top,C8,,,C_0402_1005Metric,100nF 50V,smt
88.0898,-69.469,0.0,top,C9,,,C_0402_1005Metric,100nF 50V,smt
78.8671,-62.611,0.0,top,D1,,,LED_0603_1608Metric,KT-0603R,smt
90.1446,-79.629,180.0,top,D2,,,D_SOD-123,SS34,smt
90.7796,-84.4448,180.0,top,IC2,TJA1050T/CM,,SOIC127P600X175-8N,TJA1050T_CM,smt
99.0266,-97.4574,0.0,top,IC3,LSM6DS3TR-C,,LSM6DS3USTR,LSM6DS3TR-C,smt
93.4706,-73.8486,0.0,top,IC4,TMC2209-LA,,QFN50P500X500X90-29N,TMC2209-LA,smt
80.4738,-89.378,-90.0,top,J1,,,JST_SH_SM04B-SRSS-TB_1x04-1MP_P1.00mm_Horizontal,SM04B-SRSS-TB,smt
80.4738,-81.25,-90.0,top,J2,,,JST_SH_SM04B-SRSS-TB_1x04-1MP_P1.00mm_Horizontal,SM04B-SRSS-TB,smt
81.3502,-97.3882,0.0,top,J5,,,JST_SH_SM04B-SRSS-TB_1x04-1MP_P1.00mm_Horizontal,SM04B-SRSS-TB,smt
89.7696,-97.3882,0.0,top,J6,,,JST_SH_SM04B-SRSS-TB_1x04-1MP_P1.00mm_Horizontal,SM04B-SRSS-TB,smt
90.5162,-90.617,180.0,top,Q1,,,SOT-23,BSS138,smt
86.63,-90.6322,0.0,top,Q2,,,SOT-23,BSS138,smt
103.759,-91.186,90.0,top,R1,,,R_0402_1005Metric,22k,smt
94.9706,-90.0644,90.0,top,R10,,,R_0402_1005Metric,10k,smt
103.759,-93.6518,90.0,top,R11,,,R_0402_1005Metric,4.7k,smt
94.9706,-92.6064,90.0,top,R12,,,R_0402_1005Metric,2.2k,smt
103.759,-88.771,-90.0,top,R13,,,R_0402_1005Metric,10k,smt
89.0798,-93.3196,0.0,top,R14,,,R_0402_1005Metric,10k,smt
102.5906,-95.5294,180.0,top,R15,,,R_0402_1005Metric,10k,smt
78.357,-64.135,180.0,top,R16,,,R_0402_1005Metric,1.5k,smt
78.105,-72.7456,90.0,top,R17,,,R_0402_1005Metric,120,smt
90.5998,-81.3562,0.0,top,R2,,,R_0402_1005Metric,1k,smt
94.2594,-99.1616,90.0,top,R3,,,R_0402_1005Metric,10k,smt
89.8144,-88.138,180.0,top,R7,,,R_0402_1005Metric,10k,smt
86.5866,-88.1634,180.0,top,R8,,,R_0402_1005Metric,10k,smt
85.092,-93.2434,180.0,top,R9,,,R_0402_1005Metric,10k,smt
99.5426,-91.44,0.0,top,SW1,,,SW_DIP_SPSTx04_Slide_Copal_CHS-04A_W5.08mm_P1.27mm_JPin,DSHP04TJGER,smt
